<?xml version="1.0" encoding="utf-8"?>
<gpios>
	<!--
		name:gpio名称;
		pad:gpio序号，定义为GPIO+GPIO组号+GPIO组内序号，例如GPIOA7/GPIOC20;
		dir:gpio输入输出，0-output;1-input;2-input&output;
		init:gpio初始电平;
		active:gpio有效电平;
		unactive:gpio无效电平;
		valid:gpio是否有效;
		boot:gpio是否在boot阶段配置，不在boot阶段使用可省略本字段;-->  
	<gpio name = "boot_tp_reset" pad = "GPIOB3" dir = "1" init = "0" active = "0" unactive = "0" valid = "1" boot = "1"/> 
	<gpio name = "boot_ext_charger" pad = "GPIOB9" dir = "1" init = "0" active = "0" unactive = "0" valid = "1" boot = "1"/> 
	<gpio name = "boot_pa" pad = "GPIOB7" dir = "1" init = "0" active = "0" unactive = "0" valid = "1" boot = "1"/>
	
	<gpio name = "ext_dcdc_charger" pad = "GPIOB9" dir = "3" init = "0" active = "0" unactive = "0" valid = "1"/> 
	<gpio name = "ext_ctrl_charger" pad = "GPIOA18" dir = "3" init = "0" active = "0" unactive = "0" valid = "1"/>
		
	<gpio name = "tp_reset" pad = "GPIOB3" dir = "0" init = "0" active = "0" unactive = "0" valid = "1"/> 
	
	<gpio name = "lcd_pwm" pad = "GPIOB4" dir = "0" init = "0" active = "1" unactive = "0" valid = "1"/>
	<gpio name = "lcd_vcc" pad = "GPIOB5" dir = "0" init = "0" active = "1" unactive = "0" valid = "0"/>
	<gpio name = "lcd_led_en" pad = "GPIOC9" dir = "0" init = "0" active = "1" unactive = "0" valid = "1"/>

	<gpio name = "sensorf_pwdn" pad = "GPIOC24" dir = "0" init = "1" active = "1" unactive = "0" valid = "1"/>
	<gpio name = "sensorf_reset" pad = "GPIOC25" dir = "0" init = "1" active = "0" unactive = "1" valid = "1"/>
	<gpio name = "sensorb_pwdn" pad = "GPIOC23" dir = "0" init = "1" active = "1" unactive = "0" valid = "1"/>
	<gpio name = "sensorb_reset" pad = "GPIOC25" dir = "0" init = "1" active = "0" unactive = "1" valid = "1"/>
	<gpio name = "sensor_avdd" pad = "GPIOA14" dir = "0" init = "0" active = "1" unactive = "0" valid = "1"/>

	<gpio name = "sd0_detect" pad = "GPIOC22" dir = "2" init = "1" active = "1" unactive = "0" valid = "1"/>
	<gpio name = "audio_eardetect" pad = "GPIOB6" dir = "2" init = "1" active = "0" unactive = "1" valid = "1"/>
	<gpio name = "audio_pa" pad = "GPIOB7" dir = "0" init = "0" active = "1" unactive = "0" valid = "1"/>
	<gpio name = "vibrate_en" pad = "GPIOD20" dir = "0" init = "0" active = "1" unactive = "0" valid = "1"/>
	<gpio name = "mmc_detect" pad = "GPIOC22" dir = "0" init = "1" active = "1" unactive = "0"  valid = "1"/> 
	
	<gpio name = "otgvbus_gpio" pad = "GPIOA19" dir = "1"  init = "0" active ="1" unactive = "1" valid = "1"/>
  

	  <gpio name = "rtk8723_bt_pmu_en" pad = "GPIOD21" dir = "0" init = "0" active = "1" unactive = "0" valid = "1"/>
   	<gpio name = "wifi_8723_en" pad = "GPIOA21" dir = "0" init = "0" active = "1" unactive = "0" valid = "1"/> 
	  <gpio name = "wifi_8723_dis" pad = "GPIOA16" dir = "0" init = "0" active = "1" unactive = "0" valid = "1"/>
   
</gpios>
